{
  "harel": {
    "basic": {
      "<= 14": {
        "<= 17": 2,
        "<= 60": 2,
        "<= 65": 3.10,
        "<= 70": 4.05,
        "<= 75": 6.35,
        "<= 79": 11.4,
        "<= 85": 11.4,
        "<= 95": 17
      },
      "> 14": {
        "<= 17": 2.3,
        "<= 60": 2.3,
        "<= 65": 3.10,
        "<= 70": 4.05,
        "<= 75": 6.35,
        "<= 79": 11.4,
        "<= 85": 11.4,
        "<= 95": 17
      }
    },
    "limit": {
      "<= 60": 180,
      "<= 75": 120,
      "<= 85": 20,
      "<= 99": 30
    },
    "medical": {
      "<= 17": 3.35,
      "<= 50": 4.05,
      "<= 60": 5,
      "<= 65": 6.25,
      "<= 70": 6.5,
      "<= 75": 9,
      "<= 79": 15,
      "<= 85": 15,
      "<= 95": 22
    },
    "accidents": {
      "<= 18": 0.01,
      "<= 40": 0.02,
      "<= 50": 0.1,
      "<= 60": 0.29,
      "<= 70": 0.39
    },
    "rescue": {
      "<= 30": 0.2,
      ">= 31": 0.2
    },
    "flightcancle": {
      "<= 17": 0.3,
      "<= 40": 0.35,
      "<= 60": 0.70,
      "<= 75": 0.80,
      "<= 85": 2,
      "<= 95": 3.5
    },
    "pregnant": {
      "<= 18": 5,
      "<= 42": 5
    },
    "etgari": {
      "<= 30": 1,
      "> 30": 1
    },
    "ski": {
      "<= 75": 8
    },
    "luggage": 0.35,
    "gimel": 0,
    "phone": 1.6,
    "laptop": 2,
    "corona": 2.5,
    "carrental": {
      "> 22": 6.5,
      "<= 75": 6.5
    },
    "totallimit": 120
  },
  "harelusa": {
    "basic": {
      "<= 20": {
        "<= 17": 3.30,
        "<= 60": 3.30,
        "<= 65": 6.60,
        "<= 70": 9.50,
        "<= 75": 11.4,
        "<= 79": 21,
        "<= 85": 21,
        "<= 95": 32.3
      },
      "> 20": {
        "<= 17": 3.50,
        "<= 60": 3.50,
        "<= 65": 6.60,
        "<= 70": 9.50,
        "<= 75": 11.4,
        "<= 79": 21,
        "<= 85": 21,
        "<= 95": 32.3
      }
    },
    "medical": {
      "<= 50": 6.8,
      "<= 60": 10.55,
      "<= 75": 16.55,
      "<= 85": 28.7,
      "<= 95": 42.95
    },
    "rescue": {
      "<= 95": 0.2
    },
    "flightcancle": {
      "<= 17": 0.3,
      "<= 40": 0.35,
      "<= 60": 0.70,
      "<= 75": 0.80,
      "<= 85": 2,
      "<= 95": 3.5
    },
    "pregnant": {
      "<= 42": 10
    },
    "etgari": {
      "<= 30": 1,
      "> 30": 0.5
    },
    "ski": {
      "<= 75": 7
    },
    "luggage": 0.3,
    "gimel": 0,
    "phone": 1.6,
    "laptop": 2,
    "corona": 2.5,
    "carrental": {
      "> 22": 6.5,
      "<= 75": 6.5
    },
    "limit": {
      "<= 60": 180,
      "<= 75": 120,
      "<= 80": 60,
      "<= 85": 10,
      "<= 99": 30
    },
    "totallimit": 120
  },
  "migdal": {
    "basic": {
      ">= 1": {
        "<= 17": 1.4,
        "<= 44": 1.8,
        "<= 60": 2.3,
        "<= 65": 4,
        "<= 70": 5.9,
        "<= 75": 8.5,
        "<= 85": 9.8
      }
    },
    "medical": {
      "<= 17": 3.5,
      "<= 60": 4,
      "<= 65": 6.5,
      "<= 75": 7.5,
      "<= 85": 15
    },
    "rescue": {
      ">= 1": 0.2
    },
    "flightcancle": {
      "<= 75": 1.5,
      "<= 85": 2.5
    },
    "pregnant": {
      "<= 42": 4
    },
    "etgari": {
      ">= 1": 0.6
    },
    "ski": {
      "<= 75": 6.75
    },
    "luggage": 0.4,
    "gimel": 0.2,
    "phone": 1.9,
    "laptop": 0.8,
    "corona": 3.6,
    "carrental": {
      "> 22": 6.5,
      "<= 75": 6.5
    },
    "limit": {
      "<= 60": 45,
      "<= 70": 30,
      "<= 80": 15,
      "<= 85": 10,
      "<= 99": 7
    },
    "totallimit": 90
  },
  "fenix": {
    "basic": {
      ">= 1": {
        "<= 17": 1.8,
        "<= 60": 1.8,
        "<= 65": 3.6,
        "<= 70": 4.8,
        "<= 75": 6.35,
        "<= 85": 11.4,
        "<= 90": 24.37
      }
    },
    "medical": {
      "<= 60": 4.0,
      "<= 65": 6.0,
      "<= 70": 7.5,
      "<= 75": 9.0,
      "<= 90": 15.0
    },
    "accidents": {
      "<= 90": 0.5
    },
    "rescue": {
      ">= 1": 0.2
    },
    "flightcancle": {
      "<= 60": 0.5,
      "<= 90": 0.8
    },
    "pregnant": {
      "<= 39": 3,
      "<= 46": 4
    },
    "etgari": {
      ">= 1": 0.5
    },
    "ski": {
      "<= 75": 7
    },
    "luggage": 0.5,
    "gimel": 0,
    "phone": 0.8,
    "laptop": 0.8,
    "corona": 1.5,
    "carrental": {
      "> 22": 6,
      "<= 75": 6
    },
    "usa": {
      "<= 60": 1.3,
      "<= 65": 2.3,
      "<= 70": 4,
      "<= 75": 8.45,
      "<= 85": 16.4,
      "<= 90": 5.43
    },
    "limit": {
      "<= 60": 180,
      "<= 75": 120,
      "<= 80": 60,
      "<= 90": 30,
      "<= 99": 10
    },
    "totallimit": 180
  },
  "passportcard": {
    "basic": {
      ">= 1": {
        "<= 50": 2.5,
        "<= 60": 2.5,
        "<= 65": 3.9,
        "<= 70": 4.8,
        "<= 75": 15.9,
        "<= 80": 0,
        "<= 84": 0
      }
    },
    "medical": {
      "<= 50": 3.5,
      "<= 60": 4.4,
      "<= 70": 5,
      "<= 75": 0.01
    },
    "accidents": {
      "<= 70": 0.7
    },
    "rescue": {
      ">= 1": 0.2
    },
    "flightcancle": {
      "<= 75": 0.8
    },
    "pregnant": {
      "<= 39": 5
    },
    "etgari": {
      "<= 70": 0.5
    },
    "ski": {
      "<= 75": 7
    },
    "luggage": 0.5,
    "gimel": 0,
    "phone": 1.6,
    "laptop": 0.5,
    "corona": 2.5,
    "carrental": {
      ">= 24": 8,
      "<= 75": 8
    },
    "usa": {
      "<= 60": 0.6,
      "<= 65": 2,
      "<= 70": 4,
      "<= 84": 8
    },
    "limit": {
      "<= 18": 90,
      "<= 60": 180,
      "<= 75": 90,
      "<= 85": 30
    },
    "totallimit": 90
  },
  "menora": {
    "basic": {
      ">= 1": {
        "<= 60": 3.51,
        "<= 65": 6.93,
        "<= 70": 9.36,
        "<= 75": 11.88,
        "<= 85": 20.88
      }
    },
    "medical": {
      "<= 20": 5.94,
      "<= 50": 7.2,
      "<= 60": 9,
      "<= 70": 12.07,
      "<= 75": 17.1,
      "<= 85": 30.6
    },
    "rescue": {
      ">= 1": 0.2
    },
    "flightcancle": {
      "<= 60": 0.65,
      "<= 70": 1.2,
      "<= 75": 1.4,
      "<= 85": 1.8
    },
    "pregnant": {
      ">= 18": 8.55,
      "<= 44": 8.55
    },
    "etgari": {
      "<= 30": 1,
      "> 30": 0.5
    },
    "ski": {
      "<= 20": 1.84,
      "<= 75": 4
    },
    "luggage": 0.5,
    "gimel": 0,
    "phone": 1.6,
    "laptop": 1,
    "corona": 1.5,
    "carrental": {
      ">= 25": 6,
      "<= 75": 6
    },
    "limit": {
      "<= 99": 10
    },
    "totallimit": 99999999
  },
  "clal": {
    "basic": {
      ">= 1": {
        "<= 18": 1.84,
        "<= 30": 1.62,
        "<= 40": 1.62,
        "<= 45": 1.62,
        "<= 50": 1.62,
        "<= 60": 1.62,
        "<= 65": 3.02,
        "<= 70": 4.52
      }
    },
    "medical": {
      "<= 18": 2,
      "<= 50": 2.5,
      "<= 60": 4.5,
      "<= 65": 5.5,
      "<= 70": 7
    },
    "accidents": {
      "<= 69": 0.06
    },
    "rescue": {
      "<= 20": 0.22,
      "<= 86": 0.44
    },
    "flightcancle": {
      "<= 30": 0.29,
      "<= 40": 0.46,
      "<= 50": 0.86,
      "<= 65": 2.16,
      "<= 70": 3.34
    },
    "pregnant": {
      "<= 50": 7.5
    },
    "etgari": {
      "<= 70": 0.46
    },
    "ski": {
      "<= 70": 6.38
    },
    "luggage": 0.36,
    "gimel": 0.04,
    "phone": 1.32,
    "laptop": 1.32,
    "corona": 3.21,
    "carrental": {
      "> 24": 8,
      "<= 75": 8
    },
    "usa": {
      "<= 60": 1.1,
      "<= 65": 2.5,
      "<= 70": 3.5,
      "<= 75": 4.5,
      "<= 80": 5,
      "<= 85": 8
    },
    "limit": {
      "<= 50": 180,
      "<= 70": 90,
      "<= 75": 60,
      "<= 80": 45,
      "<= 89": 30
    },
    "totallimit": 150
  }
}
